{"cameraMode":{"drawMode":0,"name":"Shaded","section":"Shading Mode"},"sceneLighting":true,"audioPlay":false,"sceneViewState":{"m_AlwaysRefresh":false,"showFog":true,"showSkybox":true,"showFlares":true,"showImageEffects":true,"showParticleSystems":true,"showVisualEffectGraphs":true,"m_FxEnabled":true},"in2DMode":false,"pivot":{"x":2.091456174850464,"y":-31.822383880615236,"z":32.79912185668945},"rotation":{"x":0.0017665686318650842,"y":0.9943225383758545,"z":-0.10510055720806122,"w":0.01670645736157894},"size":16.331066131591798,"orthographic":false}