{"cameraMode":{"drawMode":0,"name":"Shaded","section":"Shading Mode"},"sceneLighting":true,"audioPlay":false,"sceneViewState":{"m_AlwaysRefresh":false,"showFog":true,"showSkybox":true,"showFlares":true,"showImageEffects":true,"showParticleSystems":true,"showVisualEffectGraphs":true,"m_FxEnabled":true},"in2DMode":false,"pivot":{"x":-30.149974822998048,"y":-59.451744079589847,"z":37.25595474243164},"rotation":{"x":-0.09676031023263931,"y":0.8858276605606079,"z":-0.21425241231918336,"w":-0.40005603432655337},"size":28.077199935913087,"orthographic":false}