{"cameraMode":{"drawMode":0,"name":"Shaded","section":"Shading Mode"},"sceneLighting":true,"audioPlay":false,"sceneViewState":{"m_AlwaysRefresh":false,"showFog":true,"showSkybox":true,"showFlares":true,"showImageEffects":true,"showParticleSystems":true,"showVisualEffectGraphs":true,"m_FxEnabled":true},"in2DMode":false,"pivot":{"x":40.582767486572269,"y":423.05810546875,"z":159.60397338867188},"rotation":{"x":0.06563998013734818,"y":-0.009881212376058102,"z":-0.0006498369039036334,"w":-0.9977951049804688},"size":211.3757781982422,"orthographic":false}