{"cameraMode":{"drawMode":0,"name":"Shaded","section":"Shading Mode"},"sceneLighting":true,"audioPlay":false,"sceneViewState":{"m_AlwaysRefresh":false,"showFog":true,"showSkybox":true,"showFlares":true,"showImageEffects":true,"showParticleSystems":true,"showVisualEffectGraphs":true,"m_FxEnabled":true},"in2DMode":false,"pivot":{"x":-64.32866668701172,"y":-37.088409423828128,"z":24.560123443603517},"rotation":{"x":-0.025371253490447999,"y":0.9745745658874512,"z":0.14786845445632935,"w":0.16676419973373414},"size":7.8725996017456059,"orthographic":false}